Link Name,Center of Mass X,Center of Mass Y,Center of Mass Z,Center of Mass Roll,Center of Mass Pitch,Center of Mass Yaw,Mass,Moment Ixx,Moment Ixy,Moment Ixz,Moment Iyy,Moment Iyz,Moment Izz,Visual X,Visual Y,Visual Z,Visual Roll,Visual Pitch,Visual Yaw,Mesh Filename,Color Red,Color Green,Color Blue,Color Alpha,Collision X,Collision Y,Collision Z,Collision Roll,Collision Pitch,Collision Yaw,Collision Mesh Filename,Material Name,SW Components,Coordinate System,Axis Name,Joint Name,Joint Type,Joint Origin X,Joint Origin Y,Joint Origin Z,Joint Origin Roll,Joint Origin Pitch,Joint Origin Yaw,Parent,Joint Axis X,Joint Axis Y,Joint Axis Z,Limit Effort,Limit Velocity,Limit Lower,Limit Upper,Calibration rising,Calibration falling,Dynamics Damping,Dynamics Friction,Safety Soft Upper,Safety Soft Lower,Safety K Position,Safety K Velocity
base_link,-0.0136761314531784,-0.000123476029008307,0.194030441961571,0,0,0,43.2561418082899,0.322354505939308,0.000186867451875193,-0.00115027163581623,0.324915536247369,-7.97789355390314E-05,0.40510354842941,0,0,0,0,0,0,package://X1_URDF_V1_3/meshes/base_link.STL,1,1,1,1,0,0,0,0,0,0,package://X1_URDF_V1_3/meshes/base_link.STL,,W1092-X1-DPZJ_ASM-1/X1-FZTYB-1;W1092-X1-DPZJ_ASM-1/PZT-1;W1092-X1-DPZJ_ASM-1/X1-PZZJ_ASM-1/X1-DPDPZ-1;W1092-X1-DPZJ_ASM-1/X1-ZK-1;W1092-X1-DPZJ_ASM-1/X1-RLZJ_ASM-1/X1-RLBG-1;W1092-X1-DPZJ_ASM-1/X1-RLZJ_ASM-1/X1-RLGDZJ-1;W1092-X1-DPZJ_ASM-1/X1-RLZJ_ASM-1/LZ_ASM-1/WOAN29D811EEJUSZ_66-1;W1092-X1-DPZJ_ASM-1/X1-LLZJ_ASM-1/X1-ZLGDZJ-1;W1092-X1-DPZJ_ASM-1/X1-LLZJ_ASM-1/X1-ZLBG-1;W1092-X1-DPZJ_ASM-1/X1-DCG-1;W1092-X1-DPZJ_ASM-1/X1-SQK-1;W1092-X1-DPZJ_ASM-1/X1-PZZJ_ASM-1/X1-DPXPZ-1;W1092-X1-DPZJ_ASM-1/X1-PZZJ_ASM-1/X1-DPZPZ-5;W1092-X1-DPZJ_ASM-1/X1-PZZJ_ASM-1/X1-DPZPZ-4;W1092-X1-DPZJ_ASM-1/X1-DPGDB-1;W1092-X1-DPZJ_ASM-1/X1-PZZJ_ASM-1/X1-DPXPZ-2;W1092-X1-DPZJ_ASM-1/X1-DPXPZ-1;W1092-X1-DPZJ_ASM-1/X1-PZZJ_ASM-1/X1-DPZPZ-1;W1092-X1-DPZJ_ASM-1/X1-SK-1;W1092-X1-DPZJ_ASM-1/X1-DCSG-1;W1092-X1-DPZJ_ASM-1/X1-PZZJ_ASM-1/X1-DPZPZ-3;W1092-X1-DPZJ_ASM-1/150ZCZZJ_ASM-1/150ZCZ-6;W1092-X1-DPZJ_ASM-1/150ZCZZJ_ASM-1/150ZCZ-2;W1092-X1-DPZJ_ASM-1/150ZCZZJ_ASM-1/150ZCZ-1;W1092-X1-DPZJ_ASM-1/150ZCZ-1;W1092-X1-DPZJ_ASM-1/150ZCZZJ_ASM-1/150ZCZ-5;W1092-X1-DPZJ_ASM-1/150ZCZZJ_ASM-1/150ZCZ-4;W1092-X1-DPZJ_ASM-1/X1-WBDT-1;W1092-X1-DPZJ_ASM-1/AJ-1;0001_ASM-1/XGJL-1;0001_ASM-1/SXTWK_ASJ-1;0001_ASM-1/XGJR-1;0001_ASM-1/4-1;0001_ASM-1/2-1;0001_ASM-1/0008-1;0001_ASM-1/3-1;0001_ASM-1/1-1;0001_ASM-1/0012-1;0001_ASM-1/SGJR-1;0001_ASM-1/SGJL-1;0001_ASM-1/0010-2/0010-1;0001_ASM-1/0010-1/0010-1;X1-0001_ASM-1/0016_ASM-1/00_2-1;W1092-X1-DPZJ_ASM-1/WXLZJ_ASM-1/WXL_ASM-2/WOAN29D811EEJUSZ_54-1;W1092-X1-DPZJ_ASM-1/WXLZJ_ASM-1/WXL_ASM-3/WOAN29D811EEJUSZ_54-1;W1092-X1-DPZJ_ASM-1/WXLZJ_ASM-1/WXL_ASM-1/WOAN29D811EEJUSZ_54-1;W1092-X1-DPZJ_ASM-1/WXLZJ_ASM-1/WXL_ASM-4/WOAN29D811EEJUSZ_54-1,base,,,,0,0,0,0,0,0,,0,0,0,,,,,,,,,,,,
Link_lun_r,-1.78791430105463E-07,0.000372595686203354,-1.93347677179996E-06,0,0,0,0.901364131862708,0.00132679994557608,-1.57473189246235E-07,2.95707822481944E-08,0.00222223084192835,-5.21995991585611E-07,0.0013264687037192,0,0,0,0,0,0,package://X1_URDF_V1_3/meshes/Link_lun_r.STL,0.898039215686275,0.917647058823529,0.929411764705882,1,0,0,0,0,0,0,package://X1_URDF_V1_3/meshes/Link_lun_r.STL,,W1092-X1-DPZJ_ASM-1/X1-RLZJ_ASM-1/LZ_ASM-1/WOAN29D811EEJUSZ_4-1,Alun_R,lun_R,lun_r,continuous,3.32719348903332E-05,-0.176068391324452,0.0358055809695123,0,0,0,base_link,-0.000166166494856793,0.999999812284529,-0.000589762326570622,,,,,,,,,,,,
Link_lun_l,8.90539802567147E-07,-0.000372633708801862,2.12189881432408E-06,0,0,0,0.901358258759713,0.00132680004187082,1.50313414937931E-07,-3.36813834236986E-08,0.00222222989705257,-5.2400093856594E-07,0.00132646760182045,0,0,0,0,0,0,package://X1_URDF_V1_3/meshes/Link_lun_l.STL,0.898039215686275,0.917647058823529,0.929411764705882,1,0,0,0,0,0,0,package://X1_URDF_V1_3/meshes/Link_lun_l.STL,,W1092-X1-DPZJ_ASM-1/X1-LLZJ_ASM-1/LZ_ASM-1/WOAN29D811EEJUSZ_4-1,Alun_L,lun_L,lun_l,continuous,2.69006563828889E-05,0.175884199375941,0.0358126448451754,0,0,0,base_link,-0.000158584580744165,-0.999999812284529,0.000591846125874684,,,,,,,,,,,,
Link_wxl_1_2,-0.00844592653712511,0.00024641874335643,-0.0177476550522507,0,0,0,0.0560961902494204,2.19717050838621E-05,1.63251610478802E-07,-5.1417615132721E-06,1.78790240761639E-05,1.89048359570018E-07,2.03694290098137E-05,0,0,0,0,0,0,package://X1_URDF_V1_3/meshes/Link_wxl_1_2.STL,0.776470588235294,0.756862745098039,0.737254901960784,1,0,0,0,0,0,0,package://X1_URDF_V1_3/meshes/Link_wxl_1_2.STL,,W1092-X1-DPZJ_ASM-1/WXLZJ_ASM-1/WXL_ASM-3/WOAN29D811EEJUSZ_67-1,AWXL1_2,WXL1_2,wxl_1_2,continuous,0.137522383254514,-0.108085284373225,0.0347000000001153,0,0,0,base_link,0,0,1,,,,,,,,,,,,
Link_wxl_1_1,0,0,0,0,0,0,0.123636759154767,2.3448917171524E-05,1.30842065967224E-18,0,3.31320244689737E-05,-1.33407688970212E-22,2.3448917171524E-05,0,0,0,0,0,0,package://X1_URDF_V1_3/meshes/Link_wxl_1_1.STL,0.898039215686275,0.917647058823529,0.929411764705882,1,0,0,0,0,0,0,package://X1_URDF_V1_3/meshes/Link_wxl_1_1.STL,,W1092-X1-DPZJ_ASM-1/WXLZJ_ASM-1/WXL_ASM-3/零件1^WXL_ASM-1,AWXL1_1,WXL1_1,wxl_1_1,continuous,-0.0199999999999934,-0.000399999999997291,-0.0394500000000039,0,0,0,Link_wxl_1_2,0,-1,0,,,,,,,,,,,,
Link_wxl_2_2,-0.0084459265371237,0.000246418743358678,-0.0177476550522515,0,0,0,0.0560961902494194,2.19717050838629E-05,1.63251610479696E-07,-5.14176151327204E-06,1.78790240761635E-05,1.8904835956953E-07,2.03694290098123E-05,0,0,0,0,0,0,package://X1_URDF_V1_3/meshes/Link_wxl_2_2.STL,0.776470588235294,0.756862745098039,0.737254901960784,1,0,0,0,0,0,0,package://X1_URDF_V1_3/meshes/Link_wxl_2_2.STL,,W1092-X1-DPZJ_ASM-1/WXLZJ_ASM-1/WXL_ASM-1/WOAN29D811EEJUSZ_67-1,AWXL2_2,WXL2_2,wxl_2_2,continuous,0.137522383254618,0.107914715626775,0.0346999999999738,0,0,0,base_link,0,0,1,,,,,,,,,,,,
Link_wxl_2_1,0,0,-6.93889390390723E-18,0,0,0,0.123636759154767,2.3448917171524E-05,1.13579133833625E-18,1.53304023573224E-31,3.31320244689737E-05,1.30503759113729E-18,2.3448917171524E-05,0,0,0,0,0,0,package://X1_URDF_V1_3/meshes/Link_wxl_2_1.STL,0.898039215686275,0.917647058823529,0.929411764705882,1,0,0,0,0,0,0,package://X1_URDF_V1_3/meshes/Link_wxl_2_1.STL,,W1092-X1-DPZJ_ASM-1/WXLZJ_ASM-1/WXL_ASM-1/零件1^WXL_ASM-1,AWXL2_1,WXL2_1,wxl_2_1,continuous,-0.0199999999999894,-0.00039999999999224,-0.0394500000000059,0,0,0,Link_wxl_2_2,0,-1,0,,,,,,,,,,,,
Link_wxl_3_2,-0.00844592653712534,0.000246418743352406,-0.0177476550522507,0,0,0,0.0560961902494198,2.19717050838619E-05,1.63251610475372E-07,-5.14176151327208E-06,1.78790240761635E-05,1.89048359572947E-07,2.03694290098129E-05,0,0,0,0,0,0,package://X1_URDF_V1_3/meshes/Link_wxl_3_2.STL,0.776470588235294,0.756862745098039,0.737254901960784,1,0,0,0,0,0,0,package://X1_URDF_V1_3/meshes/Link_wxl_3_2.STL,,W1092-X1-DPZJ_ASM-1/WXLZJ_ASM-1/WXL_ASM-2/WOAN29D811EEJUSZ_67-1,AWXL3_2,WXL3_2,wxl_3_2,continuous,-0.124977616745491,-0.118585284373098,0.0347000000000506,0,0,0,base_link,0,0,1,,,,,,,,,,,,
Link_wxl_3_1,0,0,-6.93889390390723E-18,0,0,0,0.123636759154767,2.3448917171524E-05,1.48907353900085E-18,4.52208350942123E-31,3.31320244689737E-05,2.93965402053216E-18,2.3448917171524E-05,0,0,0,0,0,0,package://X1_URDF_V1_3/meshes/Link_wxl_3_1.STL,0.898039215686275,0.917647058823529,0.929411764705882,1,0,0,0,0,0,0,package://X1_URDF_V1_3/meshes/Link_wxl_3_1.STL,,W1092-X1-DPZJ_ASM-1/WXLZJ_ASM-1/WXL_ASM-2/零件1^WXL_ASM-1,AWXL3_1,WXL3_1,wxl_3_1,continuous,-0.0199999999999935,-0.000400000000006312,-0.0394500000000037,0,0,0,Link_wxl_3_2,0,-1,0,,,,,,,,,,,,
Link_wxl_4_2,-0.00844592653712256,0.000246418743352184,-0.0177476550522515,0,0,0,0.0560961902494227,2.19717050838638E-05,1.63251610475225E-07,-5.14176151327227E-06,1.78790240761647E-05,1.89048359572896E-07,2.03694290098133E-05,0,0,0,0,0,0,package://X1_URDF_V1_3/meshes/Link_wxl_4_2.STL,0.776470588235294,0.756862745098039,0.737254901960784,1,0,0,0,0,0,0,package://X1_URDF_V1_3/meshes/Link_wxl_4_2.STL,,W1092-X1-DPZJ_ASM-1/WXLZJ_ASM-1/WXL_ASM-4/WOAN29D811EEJUSZ_67-1,AWXL4_2,WXL4_2,wxl_4_2,continuous,-0.124977616745376,0.118414715626902,0.0346999999998987,0,0,0,base_link,0,0,1,,,,,,,,,,,,
Link_wxl_4_1,0,0,-6.93889390390723E-18,0,0,0,0.123636759154767,2.3448917171524E-05,4.6975446460705E-18,-1.90821138889887E-30,3.31320244689737E-05,-3.93157802825791E-18,2.3448917171524E-05,0,0,0,0,0,0,package://X1_URDF_V1_3/meshes/Link_wxl_4_1.STL,0.898039215686275,0.917647058823529,0.929411764705882,1,0,0,0,0,0,0,package://X1_URDF_V1_3/meshes/Link_wxl_4_1.STL,,W1092-X1-DPZJ_ASM-1/WXLZJ_ASM-1/WXL_ASM-4/零件1^WXL_ASM-1,AWXL4_1,WXL4_1,wxl_4_1,continuous,-0.0199999999999896,-0.00040000000000634,-0.0394500000000057,0,0,0,Link_wxl_4_2,0,-1,0,,,,,,,,,,,,
Link_t01,-0.0014890427152959,0.00597509667464691,0.0326661674720876,0,0,0,0.0359551053358041,2.71226407321589E-05,-7.17728901951196E-07,-1.97412432245293E-06,2.99279927708933E-05,-2.1889435878528E-06,2.60626353311792E-05,0,0,0,0,0,0,package://X1_URDF_V1_3/meshes/Link_t01.STL,1,1,1,1,0,0,0,0,0,0,package://X1_URDF_V1_3/meshes/Link_t01.STL,,X1-0001_ASM-1/0016_ASM-1/0020-1,at01,t01,t01,revolute,0.040022383466013,-8.55507580400094E-05,1.39690272032851,0,0,0,base_link,0,0,1,0,0,-1.57,1.57,,,,,,,,
Link_t02,0.0335211366337266,0.000372374044206619,0.03365925559462,0,0,0,0.722854814241903,0.00300996538111972,-2.3524984104507E-06,-0.000105238121774727,0.00194995044007594,-1.97527392989503E-06,0.00431078039043899,0,0,0,0,0,0,package://X1_URDF_V1_3/meshes/Link_t02.STL,1,1,1,1,0,0,0,0,0,0,package://X1_URDF_V1_3/meshes/Link_t02.STL,,X1-0001_ASM-1/00_6-1;X1-0001_ASM-1/00_5-1;X1-0001_ASM-1/251216_000_ASM-1/DOCUMENT_A_1_2_3_4_5_6_7_ASM-1/SHELL_1_1_2_3_4_5-1;X1-0001_ASM-1/251216_000_ASM-1/DOCUMENT_A_1_2_3_4_5_6_7_ASM-1/BREP_1_1_2_3_4-1;X1-0001_ASM-1/0038-1;X1-0001_ASM-1/ASM0003_ASM-1/1416237688_ASM_1_MIR_ASM-1/CYLINDER-367519_1_MIR-1;X1-0001_ASM-1/CMK-OT2990-PG1_V1_0_20251209_ASM-1/CMK-OT2990-PG1_V1_0_20251209_1_ASM-1/CMK-OT2990-PG1_V1_0_20251209__1-1;X1-0001_ASM-1/0042-1;X1-0001_ASM-1/0037-1;X1-0001_ASM-1/004-1;X1-0001_ASM-1/00_4-1;X1-0001_ASM-1/0041-1;X1-0001_ASM-1/00-1,at02,t02,t02,revolute,0,0,0.0423290101944958,0,0,0,Link_t01,0,1,0,0,0,-0.78,0.78,,,,,,,,
Link-sj,0.032108739139431,0.00047063073021017,0.0242124449632906,0,0,0,0.0829920281555151,5.29307269924439E-05,-8.10555169246564E-07,-3.32187992659993E-06,0.000110421594155634,-1.27012822954066E-06,6.84373054131937E-05,0,0,0,0,0,0,package://X1_URDF_V1_3/meshes/Link-sj.STL,0.898039215686275,0.917647058823529,0.929411764705882,1,0,0,0,0,0,0,package://X1_URDF_V1_3/meshes/Link-sj.STL,,0001_ASM-1/SXG80-900_ASM-1/NONE_41-1;0001_ASM-1/10_2-1;0001_ASM-1/20-1,asj,sj,sj,prismatic,-0.0174775498641076,-8.52845460748708E-05,1.21100245585163,0,0,0,base_link,0,0,1,0,0,-0.85,0,,,,,,,,
Link_r0,3.27515073461349E-05,-0.0150228792898197,-1.26555786081894E-05,0,0,0,0.677090002266653,0.000374148541606773,7.93479799612504E-07,1.2228244539505E-07,0.000416016221954068,1.58190142757862E-07,0.000363092965269002,0,0,0,0,0,0,package://X1_URDF_V1_3/meshes/Link_r0.STL,0.776470588235294,0.756862745098039,0.737254901960784,1,0,0,0,0,0,0,package://X1_URDF_V1_3/meshes/Link_r0.STL,,01-00_ASM-1/02-ARM-R_ASM-1/BASE-FIXED_ASM-1/_2D000-1;01-00_ASM-1/02-ARM-R_ASM-1/BASE-FIXED_ASM-1/PRT0007-1,ar0,r0,ro,fixed,0.0573500000000436,-0.0559999999999838,0.0250000000004311,0,0,0,Link-sj,0,0,0,,,,,,,,,,,,
Link_r1,-0.00148531012630795,6.54680314795542E-05,0.0775629702025073,0,0,0,0.699008573314841,0.00060985122705936,3.14708838203727E-07,3.29964867956785E-05,0.000729776106353066,-9.4187009118129E-07,0.000380402203304797,0,0,0,0,0,0,package://X1_URDF_V1_3/meshes/Link_r1.STL,0.898039215686275,0.917647058823529,0.929411764705882,1,0,0,0,0,0,0,package://X1_URDF_V1_3/meshes/Link_r1.STL,,01-00_ASM-1/02-ARM-R_ASM-1/JOINT01_ASM-1/10-1;01-00_ASM-1/02-ARM-R_ASM-1/JOINT01_ASM-1/0049-1;01-00_ASM-1/02-ARM-R_ASM-1/JOINT01_ASM-1/0048-1;01-00_ASM-1/02-ARM-R_ASM-1/JOINT01_ASM-1/PRT0007-1;01-00_ASM-1/02-ARM-R_ASM-1/JOINT01_ASM-1/0047-1,ar1,r1,r1,revolute,0,-0.0412500000000501,0,1.57079632678688,0,0,Link_r0,0,0,1,0,0,-1.04,3.14,,,,,,,,
Link_r2,-2.74342415989628E-05,-0.0725463769664032,0.00350067037569435,0,0,0,0.678339584424829,0.000724376215163622,-8.23693689128759E-07,2.63620807652811E-09,0.000460494621563047,-2.93777831698684E-05,0.000532103707833762,0,0,0,0,0,0,package://X1_URDF_V1_3/meshes/Link_r2.STL,0.898039215686275,0.917647058823529,0.929411764705882,1,0,0,0,0,0,0,package://X1_URDF_V1_3/meshes/Link_r2.STL,,01-00_ASM-1/02-ARM-R_ASM-1/JOINT02_ASM-1/2-10-1;01-00_ASM-1/02-ARM-R_ASM-1/JOINT02_ASM-1/20003-1;01-00_ASM-1/02-ARM-R_ASM-1/JOINT02_ASM-1/ZJJ-1;01-00_ASM-1/02-ARM-R_ASM-1/JOINT02_ASM-1/10004-1;01-00_ASM-1/02-ARM-R_ASM-1/JOINT02_ASM-1/PRT0007-1,ar2,r2,r2,revolute,0,0,0.09869999999991,0,1.5707963267949,0,Link_r1,0,0,1,0,0,-3.14,0.226,,,,,,,,
Link_r3,0.00170054489173603,-7.78718994454142E-06,0.0933488976874504,0,0,0,0.667439621744914,0.000451388202740077,3.24902304866904E-09,-1.30101897110756E-05,0.000571131351502879,-1.5976180186103E-07,0.000410799593041541,0,0,0,0,0,0,package://X1_URDF_V1_3/meshes/Link_r3.STL,1,1,1,1,0,0,0,0,0,0,package://X1_URDF_V1_3/meshes/Link_r3.STL,,01-00_ASM-1/02-ARM-R_ASM-1/JOINT03_AF0_ASM-1/1000_2-1;01-00_ASM-1/02-ARM-R_ASM-1/JOINT03_AF0_ASM-1/PRT0007-1;01-00_ASM-1/02-ARM-R_ASM-1/JOINT03_AF0_ASM-1/2000_2-1;01-00_ASM-1/02-ARM-R_ASM-1/JOINT03_AF0_ASM-1/2000-1;01-00_ASM-1/02-ARM-R_ASM-1/JOINT03_AF0_ASM-1/0050-1;01-00_ASM-1/02-ARM-R_ASM-1/JOINT03_AF0_ASM-1/2-30-1;01-00_ASM-1/02-ARM-R_ASM-1/JOINT03_AF0_ASM-1/1000_5-1;01-00_ASM-1/02-ARM-R_ASM-1/JOINT03_AF0_ASM-1/1000_4-1,ar3,r3,r3,revolute,0,-0.121499999999992,0,1.57079632679355,0,0,Link_r2,0,0,1,0,0,-2.75,2.75,,,,,,,,
Link_r4,1.47381317927575E-07,0.0718995407946573,-0.0056227016150031,0,0,0,0.507385589487953,0.000276404211492996,1.95990926391597E-09,-1.10160826900687E-09,0.000256094695635188,-3.46322714661344E-05,0.000277955039292252,0,0,0,0,0,0,package://X1_URDF_V1_3/meshes/Link_r4.STL,0.898039215686275,0.917647058823529,0.929411764705882,1,0,0,0,0,0,0,package://X1_URDF_V1_3/meshes/Link_r4.STL,,01-00_ASM-1/02-ARM-R_ASM-1/JOINT04_ASM-1/_40-1;01-00_ASM-1/02-ARM-R_ASM-1/JOINT04_ASM-1/1000-1;01-00_ASM-1/02-ARM-R_ASM-1/JOINT04_ASM-1/2000_4-1;01-00_ASM-1/02-ARM-R_ASM-1/JOINT04_ASM-1/PRT0008-1;01-00_ASM-1/02-ARM-R_ASM-1/JOINT04_ASM-1/2000_5-1;01-00_ASM-1/02-ARM-R_ASM-1/JOINT04_ASM-1/ZJJ-1,ar4,r4,r4,revolute,0.000100454489407421,0,0.112000000000135,1.57079632681286,0,1.57079632683721,Link_r3,0,0,-1,0,0,-1.91,1.91,,,,,,,,
Link_r5,-9.94443581481264E-07,8.11476226183182E-05,0.088267207220019,0,0,0,0.533144367417805,0.000403029954374233,8.25327815857849E-10,6.54829985921823E-08,0.000383147527114647,-5.79347229337047E-06,0.000240045301514322,0,0,0,0,0,0,package://X1_URDF_V1_3/meshes/Link_r5.STL,0.898039215686275,0.917647058823529,0.929411764705882,1,0,0,0,0,0,0,package://X1_URDF_V1_3/meshes/Link_r5.STL,,01-00_ASM-1/02-ARM-R_ASM-1/JOINT05_ASM-1/500-1;01-00_ASM-1/02-ARM-R_ASM-1/JOINT05_ASM-1/PRT0008-1;01-00_ASM-1/02-ARM-R_ASM-1/JOINT05_ASM-1/0050-1;01-00_ASM-1/02-ARM-R_ASM-1/JOINT05_ASM-1/2000_3-1;01-00_ASM-1/02-ARM-R_ASM-1/JOINT05_ASM-1/1000_3-1;01-00_ASM-1/02-ARM-R_ASM-1/JOINT05_ASM-1/200_2-1;01-00_ASM-1/02-ARM-R_ASM-1/JOINT05_ASM-1/100-1,ar5,r5,r5,revolute,0,0.110999999984522,-0.000100454488862308,-1.57079632683981,0,0,Link_r4,0,0,1,0,0,-2.75,2.75,,,,,,,,
Link_r6,7.32526155014512E-06,0.0710144363846064,0.00393335688991998,0,0,0,0.519324515483471,0.000427989802398875,-3.70093226428063E-07,-1.7413032303031E-07,0.000271059046721735,3.25620169036903E-05,0.000351004411749998,0,0,0,0,0,0,package://X1_URDF_V1_3/meshes/Link_r6.STL,0.698039215686274,0.698039215686274,0.698039215686274,1,0,0,0,0,0,0,package://X1_URDF_V1_3/meshes/Link_r6.STL,,01-00_ASM-1/02-ARM-R_ASM-1/JOINT06_ASM-1/PRT0008-1;01-00_ASM-1/02-ARM-R_ASM-1/JOINT06_ASM-1/ZJJ-1;01-00_ASM-1/02-ARM-R_ASM-1/JOINT06_ASM-1/0053-1;01-00_ASM-1/02-ARM-R_ASM-1/JOINT06_ASM-1/200-1;01-00_ASM-1/02-ARM-R_ASM-1/JOINT06_ASM-1/100_2-1,ar6,r6,r6,revolute,0,0,0.110000000000011,1.57079632683314,0,0,Link_r5,0,0,1,0,0,-1.57,1.57,,,,,,,,
Link_r7,8.06604782965792E-13,-0.00220209258313093,0.00293052240316349,0,0,0,0.0177506448635755,2.81905964099438E-06,5.38515299562263E-16,-7.35887436648591E-18,1.89453459279246E-06,2.22908037665963E-09,4.60994245909736E-06,0,0,0,0,0,0,package://X1_URDF_V1_3/meshes/Link_r7.STL,0.898039215686275,0.917647058823529,0.929411764705882,1,0,0,0,0,0,0,package://X1_URDF_V1_3/meshes/Link_r7.STL,,01-00_ASM-1/02-ARM-R_ASM-1/JOINT07_ASM-1/0058-1,ar7,r7,r7,revolute,0,0.111999999999851,0,1.57079632678231,0,3.14159265358856,Link_r6,0,0,1,0,0,-2.75,2.75,,,,,,,,
Link_l0,3.27462000392909E-05,0.015022869688732,-1.26248518437233E-05,0,0,0,0.677090541847593,0.000374149499980799,-7.93541349703213E-07,1.22424408207043E-07,0.000416017044284771,-1.57836402891268E-07,0.00036309314088697,0,0,0,0,0,0,package://X1_URDF_V1_3/meshes/Link_l0.STL,0.776470588235294,0.756862745098039,0.737254901960784,1,0,0,0,0,0,0,package://X1_URDF_V1_3/meshes/Link_l0.STL,,01-00_ASM-1/03-ARM-L_ASM-1/BASE-L_ASM-1/_2D000_2-1;01-00_ASM-1/03-ARM-L_ASM-1/BASE-L_ASM-1/PRT0007-1,al0,l0,l0,fixed,0.0573500000000569,0.0560000000000161,0.0250000000004063,0,0,0,Link-sj,0,0,0,,,,,,,,,,,,
Link_l1,-0.00148534233521438,-6.56149822026997E-05,0.0776139888064586,0,0,0,0.696894399003063,0.000604133161663876,-3.16811650356056E-07,3.28625234536651E-05,0.000723086519659847,9.23529446141259E-07,0.000378787764149809,0,0,0,0,0,0,package://X1_URDF_V1_3/meshes/Link_l1.STL,0.898039215686275,0.917647058823529,0.929411764705882,1,0,0,0,0,0,0,package://X1_URDF_V1_3/meshes/Link_l1.STL,,01-00_ASM-1/03-ARM-L_ASM-1/JOINT02-L_ASM-1/10-1;01-00_ASM-1/03-ARM-L_ASM-1/JOINT02-L_ASM-1/0047-1;01-00_ASM-1/03-ARM-L_ASM-1/JOINT02-L_ASM-1/0060-1;01-00_ASM-1/03-ARM-L_ASM-1/JOINT02-L_ASM-1/0059-1;01-00_ASM-1/03-ARM-L_ASM-1/JOINT02-L_ASM-1/PRT0007-1,al1,l1,l1,revolute,0,0.04124999999998,0,-1.57079632679422,0,0,Link_l0,0,0,1,0,0,-3.14,1.04,,,,,,,,
Link_l2,0.0725473833608221,2.62701517287356E-05,0.00340036379920178,0,0,0,0.678292072226289,0.00046047559379422,-8.26982955376193E-07,2.93867024632078E-05,0.000724329499608492,-2.24505189983745E-08,0.000532062058371656,0,0,0,0,0,0,package://X1_URDF_V1_3/meshes/Link_l2.STL,0.898039215686275,0.917647058823529,0.929411764705882,1,0,0,0,0,0,0,package://X1_URDF_V1_3/meshes/Link_l2.STL,,01-00_ASM-1/03-ARM-L_ASM-1/JOINT3-L_ASM-1/2-10-1;01-00_ASM-1/03-ARM-L_ASM-1/JOINT3-L_ASM-1/ZJJ-1;01-00_ASM-1/03-ARM-L_ASM-1/JOINT3-L_ASM-1/20010-1;01-00_ASM-1/03-ARM-L_ASM-1/JOINT3-L_ASM-1/10011-1;01-00_ASM-1/03-ARM-L_ASM-1/JOINT3-L_ASM-1/PRT0007-1,al2,l2,l2,revolute,0,0,0.0987000000000187,1.57079632679488,0,1.5707963267949,Link_l1,0,0,1,0,0,-0.26,3.14,,,,,,,,
Link_l3,-7.88400517384713E-06,-0.00170046013436048,0.0933488980568798,0,0,0,0.667439614782095,0.000571131333605388,-3.24249949379238E-09,-1.59763868728759E-07,0.000451388197145088,1.30101852293117E-05,0.000410799576179551,0,0,0,0,0,0,package://X1_URDF_V1_3/meshes/Link_l3.STL,0.898039215686275,0.917647058823529,0.929411764705882,1,0,0,0,0,0,0,package://X1_URDF_V1_3/meshes/Link_l3.STL,,01-00_ASM-1/03-ARM-L_ASM-1/JOINT03_AF1_ASM-1/2-30-1;01-00_ASM-1/03-ARM-L_ASM-1/JOINT03_AF1_ASM-1/PRT0007-1;01-00_ASM-1/03-ARM-L_ASM-1/JOINT03_AF1_ASM-1/1000_2-1;01-00_ASM-1/03-ARM-L_ASM-1/JOINT03_AF1_ASM-1/0050-1;01-00_ASM-1/03-ARM-L_ASM-1/JOINT03_AF1_ASM-1/2000_2-1;01-00_ASM-1/03-ARM-L_ASM-1/JOINT03_AF1_ASM-1/2000-1;01-00_ASM-1/03-ARM-L_ASM-1/JOINT03_AF1_ASM-1/1000_5-1;01-00_ASM-1/03-ARM-L_ASM-1/JOINT03_AF1_ASM-1/1000_4-1,al3,l3,l3,revolute,0.121499999999946,0,-0.000100000039907538,1.57079795701033,1.57072899097499,1.5707979570002,Link_l2,0,0,1,0,0,-2.75,2.75,,,,,,,,
Link_l4,-1.5056522778556E-07,0.0718995464506905,0.00562270960795691,0,0,0,0.507385487346008,0.000276404095931265,-2.00891601330524E-09,-1.11865317148634E-09,0.000256094654205235,3.46323085190773E-05,0.000277954912250155,0,0,0,0,0,0,package://X1_URDF_V1_3/meshes/Link_l4.STL,0.898039215686275,0.917647058823529,0.929411764705882,1,0,0,0,0,0,0,package://X1_URDF_V1_3/meshes/Link_l4.STL,,01-00_ASM-1/03-ARM-L_ASM-1/JOINT04_ASM-1/_40-1;01-00_ASM-1/03-ARM-L_ASM-1/JOINT04_ASM-1/ZJJ-1;01-00_ASM-1/03-ARM-L_ASM-1/JOINT04_ASM-1/2000_5-1;01-00_ASM-1/03-ARM-L_ASM-1/JOINT04_ASM-1/PRT0008-1;01-00_ASM-1/03-ARM-L_ASM-1/JOINT04_ASM-1/2000_4-1;01-00_ASM-1/03-ARM-L_ASM-1/JOINT04_ASM-1/1000-1,al4,l4,l4,revolute,0,-0.000100454488362656,0.11200000001204,1.57079632686994,0,-3.14159265358948,Link_l3,0,0,1,0,0,-1.91,1.91,,,,,,,,
Link_l5,9.93234217178118E-07,-8.11464682883845E-05,0.0882672065371862,0,0,0,0.533144388753647,0.000403029974597584,8.24689074356339E-10,-6.5481953939623E-08,0.000383147538421928,5.79348952189276E-06,0.000240045310914712,0,0,0,0,0,0,package://X1_URDF_V1_3/meshes/Link_l5.STL,0.898039215686275,0.917647058823529,0.929411764705882,1,0,0,0,0,0,0,package://X1_URDF_V1_3/meshes/Link_l5.STL,,01-00_ASM-1/03-ARM-L_ASM-1/JOINT05_ASM-1/500-1;01-00_ASM-1/03-ARM-L_ASM-1/JOINT05_ASM-1/PRT0008-1;01-00_ASM-1/03-ARM-L_ASM-1/JOINT05_ASM-1/0050-1;01-00_ASM-1/03-ARM-L_ASM-1/JOINT05_ASM-1/2000_3-1;01-00_ASM-1/03-ARM-L_ASM-1/JOINT05_ASM-1/1000_3-1;01-00_ASM-1/03-ARM-L_ASM-1/JOINT05_ASM-1/200_2-1;01-00_ASM-1/03-ARM-L_ASM-1/JOINT05_ASM-1/100-1,al5,l5,l5,revolute,0,0.110999999985596,0.000100454478532686,-1.57079632687388,0,0,Link_l4,0,0,1,0,0,-2.75,2.75,,,,,,,,
Link_l6,-7.32513551496283E-06,-0.0710144366440142,0.00393335724096761,0,0,0,0.519324513304598,0.000427989823191788,-3.70095088639296E-07,1.7415118782496E-07,0.000271059093052353,-3.25620133732963E-05,0.000351004411652916,0,0,0,0,0,0,package://X1_URDF_V1_3/meshes/Link_l6.STL,0.698039215686274,0.698039215686274,0.698039215686274,1,0,0,0,0,0,0,package://X1_URDF_V1_3/meshes/Link_l6.STL,,01-00_ASM-1/03-ARM-L_ASM-1/JOINT06_ASM-1/PRT0008-1;01-00_ASM-1/03-ARM-L_ASM-1/JOINT06_ASM-1/ZJJ-1;01-00_ASM-1/03-ARM-L_ASM-1/JOINT06_ASM-1/0053-1;01-00_ASM-1/03-ARM-L_ASM-1/JOINT06_ASM-1/200-1;01-00_ASM-1/03-ARM-L_ASM-1/JOINT06_ASM-1/100_2-1,al6,l6,l6,revolute,0,0,0.110000000000011,-1.57079632679144,0,0,Link_l5,0,0,1,0,0,-1.57,1.57,,,,,,,,
Link_l7,1.48194161025961E-07,-0.00220209257806875,0.00293052240317293,0,0,0,0.0177506448635751,2.8190596368021E-06,6.22561213968653E-11,-2.05797154332264E-13,1.89453459698476E-06,2.22908043798062E-09,4.60994245909716E-06,0,0,0,0,0,0,package://X1_URDF_V1_3/meshes/Link_l7.STL,0.898039215686275,0.917647058823529,0.929411764705882,1,0,0,0,0,0,0,package://X1_URDF_V1_3/meshes/Link_l7.STL,,01-00_ASM-1/03-ARM-L_ASM-1/JOINT07_ASM-1/0058-1,al7,l7,l7,revolute,0,-0.111999999999994,0,1.57079632680716,6.73384424921407E-05,0,Link_l6,0,0,1,0,0,-2.75,2.75,,,,,,,,
